,title,place,term,term_start,term_end,time,emp_rate,link,adr,lat,lng
0,영상제작A,서울방송아카데미학원,21/05/31~21/10/20,210531,211020,100일  총600시간,73.1,https://www.hrd.go.kr/hrdp/co/pcobo/PCOBO0100P.do?tracseId=AIG20200000291841&tracseTme=1&crseTracseSe=C0061&trainstCstmrId=500020044176#undefined,서울특별시 마포구 노고산동 서강로 122,37.5532723,126.9344652
1,지게차운전기능사 취득,김천동성직업전문학원,21/05/31~21/07/02,210531,210702,25일  총100시간,60,https://www.hrd.go.kr/hrdp/co/pcobo/PCOBO0100P.do?tracseId=AIG20200000312397&tracseTme=2&crseTracseSe=C0061&trainstCstmrId=500020028412#undefined,경북 김천시 남면 초곡리 757-1,36.1359521,128.1818381
2,A요양보호사자격취득,(주)북부산요양보호사교육원,21/05/31~21/07/24,210531,210724,36일  총240시간,53.1,https://www.hrd.go.kr/hrdp/co/pcobo/PCOBO0100P.do?tracseId=AIG20200000311680&tracseTme=4&crseTracseSe=C0061&trainstCstmrId=500020046219#undefined,부산광역시 주례 역 7번출구 260 CU편의점 3층 KR 부산광역시 사상구 가야대로,35.149998,129.0010785
4,요양보호사 자격 취득과정,병점길요양보호사교육원,21/05/31~21/07/09,210531,210709,30일  총240시간,63.6,https://www.hrd.go.kr/hrdp/co/pcobo/PCOBO0100P.do?tracseId=AIG20200000309038&tracseTme=5&crseTracseSe=C0061&trainstCstmrId=500035549377#undefined,화성시 병점1동 KR 경기 화성시 병점동 382-2,37.2069707,127.0342691
5,컴퓨터활용능력1급(컴활1급 필기+실기)자격증 취득,그린컴퓨터아트학원,21/05/31~21/07/15,210531,210715,34일  총136시간,58.3,https://www.hrd.go.kr/hrdp/co/pcobo/PCOBO0100P.do?tracseId=AIG20200000307051&tracseTme=2&crseTracseSe=C0061&trainstCstmrId=500020011522#undefined,대구광역시 중구 남일동 109-2,35.8683476,128.5940482
6,병원코디네이터&상담실장 전문가양성과정 [NCS기반],한국종합교육원,21/05/31~21/07/01,210531,210701,24일  총120시간,68.1,https://www.hrd.go.kr/hrdp/co/pcobo/PCOBO0100P.do?tracseId=AIG20200000306626&tracseTme=1&crseTracseSe='C006&trainstCstmrId='50003425485#undefined,서울특별시 강남구 삼성동 254 4 보성럭스타운빌딩 2층,37.5172363,127.0473248
8,꽃집 창업 및 플로리스트 실무 양성과정,안정플로리스트종합예술학원,21/05/31~21/07/09,210531,210709,30일  총150시간,-,https://www.hrd.go.kr/hrdp/co/pcobo/PCOBO0100P.do?tracseId=AIG20200000304842&tracseTme=3&crseTracseSe=C0061&trainstCstmrId=500020018489#undefined,서울특별시 서초구 방배1동 905-3,37.4847584,126.9958402
9,요양보호사 자격 취득과정,광주사랑요양보호사교육원,21/05/31~21/07/09,210531,210709,30일  총240시간,66.7,https://www.hrd.go.kr/hrdp/co/pcobo/PCOBO0100P.do?tracseId=AIG20200000303867&tracseTme=4&crseTracseSe=C0061&trainstCstmrId=500020043225#undefined,광주광역시 서구 쌍촌동 948-3,35.151823,126.8692775
10,미용사(네일)자격증 취득과정,엔비뷰티아카데미,21/05/31~21/08/12,210531,210812,54일  총270시간,54.5,https://www.hrd.go.kr/hrdp/co/pcobo/PCOBO0100P.do?tracseId=AIG20200000303672&tracseTme=3&crseTracseSe=C0061&trainstCstmrId=500033123204#undefined,경기도 용인시 기흥구 구갈동 595-2,37.2704081,127.1269594
11,미용사(피부)자격증,일산에르모소직업전문학교,21/05/31~21/08/27,210531,210827,60일  총240시간,65.7,https://www.hrd.go.kr/hrdp/co/pcobo/PCOBO0100P.do?tracseId=AIG20200000302894&tracseTme=1&crseTracseSe=C0061&trainstCstmrId=500020017511#undefined,경기도 고양시 덕양구 화정동 969 KR,37.6351555,126.8313903
12,네일아트&드릴실무반,로드네일미용학원,21/05/31~21/07/09,210531,210709,30일  총120시간,-,https://www.hrd.go.kr/hrdp/co/pcobo/PCOBO0100P.do?tracseId=AIG20200000302340&tracseTme=2&crseTracseSe=C0061&trainstCstmrId=500020019195#undefined,부산광역시 부전동 가야대로 부산진구 775,35.1579107,129.0563486
13,컴퓨터활용능력2급+ITQ(한글/엑셀/파포)자격취득,엘리트컴퓨터아카데미,21/05/31~21/07/12,210531,210712,30일  총140시간,47.4,https://www.hrd.go.kr/hrdp/co/pcobo/PCOBO0100P.do?tracseId=AIG20200000302215&tracseTme=5&crseTracseSe=C0061&trainstCstmrId=500020038296#undefined,울산광역시 무거동 무거동 620-3번지 2층 남구 울산광역시 KR,35.5421604,129.2597047
14,요양보호사 자격취득과정,섬기미요양보호사교육원,21/05/31~21/07/09,210531,210709,30일  총240시간,56.7,https://www.hrd.go.kr/hrdp/co/pcobo/PCOBO0100P.do?tracseId=AIG20200000300065&tracseTme=3&crseTracseSe=C0061&trainstCstmrId=500020035844#undefined,2층  755 신서동 동구 대구광역시 대한민국,35.8695864,128.726415
15,전산회계세무(전산회계1급  전산세무2급  FAT1급  TAT2급)자격증취득과정A,그린컴퓨터아카데미 신촌,21/05/31~21/08/16,210531,210816,45일  총180시간,50,https://www.hrd.go.kr/hrdp/co/pcobo/PCOBO0100P.do?tracseId=AIG20200000299242&tracseTme=1&crseTracseSe=C0061&trainstCstmrId=500020016713#undefined,서울특별시 마포구 노고산동 31-11 5층,37.554939,126.937309
16,[CAM]머시닝센터+CNC선반 실무(컴퓨터응용가공산업기사 실기),피나캐드(CAD)학원,21/05/31~21/08/27,210531,210827,64일  총255시간,-,https://www.hrd.go.kr/hrdp/co/pcobo/PCOBO0100P.do?tracseId=AIG20200000298508&tracseTme=2&crseTracseSe=C0061&trainstCstmrId=500020014295#undefined,인천광역시 남구 주안동 226-2,37.4620024,126.6797085
17,전산세무회계[전산회계1급+전산세무2급]취득반,우쌤전산세무회계직업전문학교,21/05/31~21/08/12,210531,210812,53일  총210시간,65.6,https://www.hrd.go.kr/hrdp/co/pcobo/PCOBO0100P.do?tracseId=AIG20200000297817&tracseTme=2&crseTracseSe=C0061&trainstCstmrId=500020014009#undefined,대전광역시 서구 둔산동 둔산서로 3,36.3469566,127.3825935
18,한식자격증 취득과 실무과정,의정부 직업전문학교,21/05/31~21/07/15,210531,210715,34일  총136시간,54.2,https://www.hrd.go.kr/hrdp/co/pcobo/PCOBO0100P.do?tracseId=AIG20200000296010&tracseTme=4&crseTracseSe=C0061&trainstCstmrId=500020051339#undefined,경기도 의정부시 의정부1동,37.7392054,127.0450503
19,요양보호사자격취득과정,반구요양보호사교육원,21/05/31~21/07/09,210531,210709,30일  총240시간,-,https://www.hrd.go.kr/hrdp/co/pcobo/PCOBO0100P.do?tracseId=AIG20200000295538&tracseTme=1&crseTracseSe=C0061&trainstCstmrId=500035562483#undefined,울산광역시 중구 반구동 442-22번지 금강빌딩 5층,35.5588188,129.3421841
20,서비스강사양성 및 CS리더스관리사 자격증취득과정,아바평생교육원,21/05/31~21/06/25,210531,210625,20일  총100시간,-,https://www.hrd.go.kr/hrdp/co/pcobo/PCOBO0100P.do?tracseId=AIG20200000295168&tracseTme=2&crseTracseSe=C0061&trainstCstmrId=500020011825#undefined,서울특별시 마포구 노고산동 번지 5층 31-135,37.55456119999999,126.9373561
21,전산세무회계종합과정(전산회계1급 및 전산세무2급),군산세무회계학원,21/05/31~21/08/04,210531,210804,40일  총200시간,56.8,https://www.hrd.go.kr/hrdp/co/pcobo/PCOBO0100P.do?tracseId=AIG20200000294975&tracseTme=2&crseTracseSe=C0061&trainstCstmrId=500020055222#undefined,전북 군산시 나운동 342-24,35.9618894,126.7013392
22,떡 제조 기능사 취득반(이론+실기),마음쿠킹클래스학원,21/05/31~21/07/01,210531,210701,20일  총60시간,-,https://www.hrd.go.kr/hrdp/co/pcobo/PCOBO0100P.do?tracseId=AIG20200000294368&tracseTme=2&crseTracseSe=C0061&trainstCstmrId=500037002425#undefined,경기도 양평군 양평읍 공흥리 402-8번지 삼원스탠 1층 KR,37.4900918,127.5041527
23,서비스강사 양성과정(NCS기반 인사),아바평생교육원,21/05/31~21/06/25,210531,210625,20일  총100시간,-,https://www.hrd.go.kr/hrdp/co/pcobo/PCOBO0100P.do?tracseId=AIG20200000294107&tracseTme=2&crseTracseSe=C0061&trainstCstmrId=500020011825#undefined,서울특별시 마포구 노고산동 번지 5층 31-135,37.55456119999999,126.9373561
24,타일시공입문 및 타일기능사 취득,북인천직업전문학교,21/05/31~21/06/30,210531,210630,23일  총180시간,36.4,https://www.hrd.go.kr/hrdp/co/pcobo/PCOBO0100P.do?tracseId=AIG20200000293329&tracseTme=1&crseTracseSe=C0061&trainstCstmrId=500020062675#undefined,인천광역시 계양구 작전2동 계양대로 61,37.5292744,126.7221907
25,화훼장식기능사 202호,제이플로리스트학원,21/05/31~21/07/14,210531,210714,14일  총112시간,33.7,https://www.hrd.go.kr/hrdp/co/pcobo/PCOBO0100P.do?tracseId=AIG20200000293091&tracseTme=3&crseTracseSe=C0061&trainstCstmrId=500020054542#undefined,서울특별시 서초구 방배1동 905-3,37.4847584,126.9958402
26,컴퓨터활용능력2급(필기+실기)자격증취득,김해컴퓨터학원,21/05/31~21/07/02,210531,210702,25일  총100시간,-,https://www.hrd.go.kr/hrdp/co/pcobo/PCOBO0100P.do?tracseId=AIG20200000292684&tracseTme=2&crseTracseSe=C0061&trainstCstmrId=500037029326#undefined,경남 김해시 외동 분성로194번길,35.2314329,128.8714633
27,커피바리스타 양성과정1 (바리스타 2급+홈카페마스터),크라비커피바리스타학원,21/05/31~21/07/08,210531,210708,24일  총96시간,50,https://www.hrd.go.kr/hrdp/co/pcobo/PCOBO0100P.do?tracseId=AIG20200000292081&tracseTme=7&crseTracseSe=C0061&trainstCstmrId=500034288252#undefined,인천광역시 연수구 동춘2동 번지 7층 703 메디칼빌딩 704호 KR 인천광역시 연수구 동춘동 936-1,37.4081441,126.6714938
28,항공&여행사(토파스 세이버 항공권예약 발권)자격증 동시취득과정(NCS기반),종로아바CS평생교육원,21/05/31~21/07/07,210531,210707,28일  총139시간,50,https://www.hrd.go.kr/hrdp/co/pcobo/PCOBO0100P.do?tracseId=AIG20200000291331&tracseTme=3&crseTracseSe=C0061&trainstCstmrId=500034180383#undefined,서울특별시 관철동 관철동 42-4번지 4층 종로구 서울특별시 KR,37.5689596,126.9845309
29,제빵기능사 자격취득 및 천연발효빵,김지순요리제과직업전문학교,21/05/31~21/07/20,210531,210720,30일  총120시간,34.5,https://www.hrd.go.kr/hrdp/co/pcobo/PCOBO0100P.do?tracseId=AIG20200000291137&tracseTme=1&crseTracseSe=C0061&trainstCstmrId=500020038953#undefined,제주특별자치도 제주시 노형동 수덕5길 23,33.4858576,126.4760698
30,요양보호사자격증취득,김해사랑요양보호사교육원,21/05/31~21/07/09,210531,210709,30일  총240시간,60.7,https://www.hrd.go.kr/hrdp/co/pcobo/PCOBO0100P.do?tracseId=AIG20200000290968&tracseTme=2&crseTracseSe=C0061&trainstCstmrId=500020058840#undefined,경남 김해시 부원동 605-13,35.22667029999999,128.8825238
31,ITQ 및 컴퓨터활용능력2급 자격취득,나우전산학원,21/05/31~21/07/02,210531,210702,25일  총100시간,43.9,https://www.hrd.go.kr/hrdp/co/pcobo/PCOBO0100P.do?tracseId=AIG20200000290878&tracseTme=9&crseTracseSe=C0061&trainstCstmrId=500020062986#undefined,경남 창원시 성산구 상남동 1-6,35.2241078,128.6853949
32,컴퓨터활용능력2급자격증(필기 실기),동인천컴퓨터아트학원,21/05/31~21/07/07,210531,210707,28일  총84시간,52.9,https://www.hrd.go.kr/hrdp/co/pcobo/PCOBO0100P.do?tracseId=AIG20200000290473&tracseTme=3&crseTracseSe=C0061&trainstCstmrId=500020061039#undefined,인천광역시 중구 인현동 26-8,37.4742001,126.6309821
33,미용사(피부)자격취득과정,광주뷰티직업전문학교,21/05/31~21/09/07,210531,210907,70일  총280시간,28.6,https://www.hrd.go.kr/hrdp/co/pcobo/PCOBO0100P.do?tracseId=AIG20200000289302&tracseTme=2&crseTracseSe=C0061&trainstCstmrId=500020044197#undefined,광주광역시 서구 농성2동 경열로 32-1,35.15112939999999,126.8896991
34,요양보호사자격증취득과정,성심요양보호사교육원,21/05/31~21/08/01,210531,210801,30일  총240시간,57.1,https://www.hrd.go.kr/hrdp/co/pcobo/PCOBO0100P.do?tracseId=AIG20200000289258&tracseTme=4&crseTracseSe=C0061&trainstCstmrId=500020023459#undefined,서울특별시 도봉구 도봉동 595,37.6794041,127.0444982
35,전산회계1급 및 ITQ정보기술 자격취득(엑셀+파포),대영컴퓨터전문학원,21/05/31~21/08/06,210531,210806,50일  총150시간,-,https://www.hrd.go.kr/hrdp/co/pcobo/PCOBO0100P.do?tracseId=AIG20200000283493&tracseTme=1&crseTracseSe=C0061&trainstCstmrId=500036930526#undefined,전북 익산시 영등동 197 6번지 KR,35.9519137,126.9738234
36,요양보호사자격취득과정,(주)편안한요양보호사교육원,21/05/31~21/07/03,210531,210703,30일  총240시간,58.6,https://www.hrd.go.kr/hrdp/co/pcobo/PCOBO0100P.do?tracseId=AIG20200000283058&tracseTme=1&crseTracseSe='C006&trainstCstmrId='50002003572#undefined,서울특별시 중랑구 상봉동 115-14,37.595647,127.0839178
37,굴삭기 자격취득(실기),울산중장비직업전문학교,21/05/31~21/06/25,210531,210625,20일  총80시간,48.2,https://www.hrd.go.kr/hrdp/co/pcobo/PCOBO0100P.do?tracseId=AIG20200000280230&tracseTme=5&crseTracseSe=C0061&trainstCstmrId=500020026134#undefined,울산광역시 남구 달동 568-5,35.5409609,129.3245526
38,컴퓨터활용능력 1급(필기/실기),이지디자인컴퓨터학원,21/05/31~21/07/02,210531,210702,25일  총100시간,50.7,https://www.hrd.go.kr/hrdp/co/pcobo/PCOBO0100P.do?tracseId=AIG20200000279289&tracseTme=5&crseTracseSe=C0061&trainstCstmrId=500020054778#undefined,충북 청주시 서원구 사창동 140-17,36.6348493,127.4577539
39,요양보호사 자격증취득 NCS과정,신현대요양보호사교육원,21/05/31~21/07/09,210531,210709,30일  총240시간,54.9,https://www.hrd.go.kr/hrdp/co/pcobo/PCOBO0100P.do?tracseId=AIG20200000278156&tracseTme=4&crseTracseSe=C0061&trainstCstmrId=500020048315#undefined,인천광역시 부개동 부개동 363-3번지 3층 부평구 인천광역시 KR,37.4860503,126.7391314
40,피부미용실무(몸매관리),나레스트뷰티아카데미미용학원 연산점,21/05/31~21/07/09,210531,210709,20일  총80시간,54,https://www.hrd.go.kr/hrdp/co/pcobo/PCOBO0100P.do?tracseId=AIG20200000277762&tracseTme=4&crseTracseSe=C0061&trainstCstmrId=500020019223#undefined,부산광역시 연제구 연산4동 중앙대로 1114 세종빌딩 6층,35.1864795,129.0817252
41,헤어미용향상(헤어커트정복),씨씨씨(ccc)미용학원,21/05/31~21/07/29,210531,210729,35일  총210시간,58.9,https://www.hrd.go.kr/hrdp/co/pcobo/PCOBO0100P.do?tracseId=AIG20200000276916&tracseTme=2&crseTracseSe=C0061&trainstCstmrId=500020047214#undefined,충북 청주시 상당구 영동 104-5,36.636894,127.4866356
42,요양보호사자격증 취득과정,늘푸른한가족요양보호사교육원,21/05/31~21/07/09,210531,210709,30일  총240시간,58,https://www.hrd.go.kr/hrdp/co/pcobo/PCOBO0100P.do?tracseId=AIG20200000275599&tracseTme=6&crseTracseSe=C0061&trainstCstmrId=500020028047#undefined,서울특별시 양천구 신정동 오목로 181,37.5253467,126.8575109
43,한식조리기능사 취득과정(필기+실기),한솔요리아카데미,21/05/31~21/06/25,210531,210625,20일  총80시간,37,https://www.hrd.go.kr/hrdp/co/pcobo/PCOBO0100P.do?tracseId=AIG20200000274219&tracseTme=7&crseTracseSe=C0061&trainstCstmrId=500020057973#undefined,서울특별시 강동구 천호2동 천호대로 995  4 5 6층,37.5392954,127.123066
45,CAD_UG활용기계부품설계,서구캐드컴퓨터기술학원,21/05/31~21/09/14,210531,210914,72일  총360시간,78.9,https://www.hrd.go.kr/hrdp/co/pcobo/PCOBO0100P.do?tracseId=AIG20200000271404&tracseTme=4&crseTracseSe=C0061&trainstCstmrId=500020030644#undefined,대구광역시 서구 평리2동 1676,35.8706351,128.565553
46,한식조리기능사 자격 취득과정(이론+실기),조민승요리학원,21/05/31~21/07/19,210531,210719,36일  총108시간,67.9,https://www.hrd.go.kr/hrdp/co/pcobo/PCOBO0100P.do?tracseId=AIG20200000269187&tracseTme=2&crseTracseSe=C0061&trainstCstmrId=500020047156#undefined,경남 거제시 고현동 961-92,34.8884284,128.6233568
47,법률사무직원 취업교육과정 (종합반),중앙법률사무교육학원,21/05/31~21/07/01,210531,210701,23일  총138시간,71.6,https://www.hrd.go.kr/hrdp/co/pcobo/PCOBO0100P.do?tracseId=AIG20190000262596&tracseTme=1&crseTracseSe='C006&trainstCstmrId='50002003374#undefined,서울특별시 서초구 서초3동 서초동 1538-8,37.488044,127.0092273
48,지게차 자격취득(실기),울산중장비직업전문학교,21/05/31~21/06/25,210531,210625,20일  총80시간,56.9,https://www.hrd.go.kr/hrdp/co/pcobo/PCOBO0100P.do?tracseId=AIG20190000253478&tracseTme=2&crseTracseSe='C006&trainstCstmrId='50002002613#undefined,울산광역시 남구 달동 568-5,35.5409609,129.3245526
49,케이크 데코 및 디저트 실용과정,궁전제과(주)광주제과기술학원,21/05/31~21/08/26,210531,210826,60일  총180시간,45.3,https://www.hrd.go.kr/hrdp/co/pcobo/PCOBO0100P.do?tracseId=AIG20190000249175&tracseTme=9&crseTracseSe=C0061&trainstCstmrId=500020047830#undefined,광주광역시 북구 두암1동 동문대로 92,35.1716462,126.9242061
50,요양보호사 국가자격대비반,수레 요양보호사 교육원,21/05/31~21/08/06,210531,210806,30일  총240시간,67.9,https://www.hrd.go.kr/hrdp/co/pcobo/PCOBO0100P.do?tracseId=AIG20190000239558&tracseTme=4&crseTracseSe=C0061&trainstCstmrId=500034464131#undefined,경기도 남양주시 와부읍 덕소리,37.5870649,127.212721
51,(영상촬영드론조종)소형무인기(드론)조종 및 드론정비 융합과정(집체+원격),제일에너지교육원종로학원,21/05/31~21/09/30,210531,210930,81일  총655시간,-,https://www.hrd.go.kr/hrdp/co/pcobo/PCOBO0100P.do?tracseId=AIG20200000311758&tracseTme=1&crseTracseSe=C0061&trainstCstmrId=500020012410#undefined,서울특별시 종로구 연지동 136-5,37.5739787,126.999745
52,(시각디자인_옥외광고디자인)-시각디자인/편집디자인/포토샵/일러스트,새동아직업전문학교,21/05/31~21/09/03,210531,210903,70일  총420시간,33.3,https://www.hrd.go.kr/hrdp/co/pcobo/PCOBO0100P.do?tracseId=AIG20200000296557&tracseTme=1&crseTracseSe=C0061&trainstCstmrId=500020049082#undefined,부산광역시 사하구 하단1동 590-2,35.1051124,128.9655817
53,[디지털디자인]UI/UX 웹디자인 with 유튜브동영상 반응형웹(A),이젠컴퓨터학원,21/05/31~21/10/11,210531,211011,90일  총720시간,76.6,https://www.hrd.go.kr/hrdp/co/pcobo/PCOBO0100P.do?tracseId=AIG20200000310002&tracseTme=5&crseTracseSe=C0061&trainstCstmrId=500020025093#undefined,서울특별시 노원구 상계6.7동,37.6557931,127.0624256
54,3D프린팅 디자인 양성과정(A),재단법인 이찬 경북직업전문학교,21/05/31~21/11/24,210531,211124,119일  총710시간,62.5,https://www.hrd.go.kr/hrdp/co/pcobo/PCOBO0100P.do?tracseId=AIG20200000305073&tracseTme=1&crseTracseSe=C0061&trainstCstmrId=500020014391#undefined,경북 포항시 북구 용흥동 115-3,36.0335697,129.3601185
55,(전기시스템제어)PLC시스템운영 실무자양성-A,한국직업능력교육원(구.열린드림기술교육원),21/05/31~21/10/25,210531,211025,100일  총700시간,-,https://www.hrd.go.kr/hrdp/co/pcobo/PCOBO0100P.do?tracseId=AIG20200000281938&tracseTme=1&crseTracseSe=C0061&trainstCstmrId=500020029336#undefined,경기도 시흥시 정왕본동 마유로418번길 18 KR,37.351171,126.7429203
56,(BIM) 실내건축설계디자인[캐드(CAD) 맥스(MAX) 스케치업 레빗] 양성과정 2,강남 그린컴퓨터아카데미,21/05/31~21/10/20,210531,211020,100일  총800시간,80.7,https://www.hrd.go.kr/hrdp/co/pcobo/PCOBO0100P.do?tracseId=AIG20200000276896&tracseTme=2&crseTracseSe=C0061&trainstCstmrId=500020046871#undefined,서울특별시 강남구 역삼1동 강남대로 428,37.5007689,127.0268353
57,3D프린터를 활용한 제품디자인(캐드 라이노 포토샵),(주)우리안전기술원 부설 전남직업전문학교,21/05/31~21/11/19,210531,211119,118일  총800시간,-,https://www.hrd.go.kr/hrdp/co/pcobo/PCOBO0100P.do?tracseId=AIG20200000299287&tracseTme=1&crseTracseSe=C0061&trainstCstmrId=500020042082#undefined,전남 순천시 가곡동 251-1,34.9831422,127.484238
58,(제품디자인)제품디자인 및 기계부품설계(캐드 3D인벤터 3D프린팅)-C,(주)울산KH정보교육원,21/05/31~21/10/06,210531,211006,88일  총700시간,80.9,https://www.hrd.go.kr/hrdp/co/pcobo/PCOBO0100P.do?tracseId=AIG20200000275170&tracseTme=1&crseTracseSe=C0061&trainstCstmrId=500020054673#undefined,울산광역시 남구 신정동 삼산로35번길 19,35.5350544,129.3108984
59,(내선공사)내선공사(전기기능사 취득 포함)(B),미래직업전문학교,21/05/31~21/09/30,210531,210930,84일  총640시간,83,https://www.hrd.go.kr/hrdp/co/pcobo/PCOBO0100P.do?tracseId=AIG20200000273632&tracseTme=1&crseTracseSe=C0061&trainstCstmrId=500020014425#undefined,부산광역시 동구 초량동 중앙대로286번길 13,35.12172750000001,129.044975
60,(디지털컨버전스) UI/UX디자인 웹퍼블리셔 & 프론트엔드 개발자 양성과정 1,강남 그린컴퓨터아카데미,21/05/31~21/11/10,210531,211110,113일  총900시간,67.2,https://www.hrd.go.kr/hrdp/co/pcobo/PCOBO0100P.do?tracseId=AIG20200000276895&tracseTme=1&crseTracseSe=C0061&trainstCstmrId=500020046871#undefined,서울특별시 강남구 역삼1동 강남대로 428,37.5007689,127.0268353
61,[출판]뉴미디어 광고편집디자인(웹 모바일 SNS 출판물),이젠아카데미평생교육원,21/05/31~21/10/02,210531,211002,88일  총700시간,81.3,https://www.hrd.go.kr/hrdp/co/pcobo/PCOBO0100P.do?tracseId=AIG20200000302392&tracseTme=1&crseTracseSe=C0061&trainstCstmrId=500020017427#undefined,서울특별시 서초구 서초4동 1303-37 서초W타워 13층,37.5025398,127.0248679
62,기초부터 단기완성 전산회계1급  전산세무2급 자격증 SS,인천IT직업능력개발학원,21/05/31~21/07/14,210531,210714,29일  총190시간,58.7,https://www.hrd.go.kr/hrdp/co/pcobo/PCOBO0100P.do?tracseId=AIG20210000313969&tracseTme=1&crseTracseSe=C0061&trainstCstmrId=500020024204#undefined,인천광역시 남구 주안1동 주안로 108,37.4636207,126.6817237
63,요양보호사 자격 취득과정,수요양보호사교육원,21/05/31~21/08/06,210531,210806,30일  총240시간,-,https://www.hrd.go.kr/hrdp/co/pcobo/PCOBO0100P.do?tracseId=AIG20200000311270&tracseTme=1&crseTracseSe=C0061&trainstCstmrId=500037147974#undefined,서울특별시 동대문구 답십리동 36-62번지 4층,37.5698298,127.0569629
64,요양보호사 자격 취득과정(야간반),희망가득요양보호사교육원,21/05/31~21/08/20,210531,210820,60일  총240시간,51.2,https://www.hrd.go.kr/hrdp/co/pcobo/PCOBO0100P.do?tracseId=AIG20200000310421&tracseTme=2&crseTracseSe=C0061&trainstCstmrId=500035251005#undefined,경남 거제시 고현동 1015 KR,34.89384210000001,128.6300749
65,아파트(공동주택XPERP) 경리실무(FAT1 TAT2급 자격취득),한국직업능력교육원 안산,21/05/31~21/07/16,210531,210716,35일  총210시간,47.4,https://www.hrd.go.kr/hrdp/co/pcobo/PCOBO0100P.do?tracseId=AIG20200000309424&tracseTme=2&crseTracseSe=C0061&trainstCstmrId=500020028748#undefined,경기도 안산시 단원구 고잔동 예술대학로 17,37.3185883,126.8364913
66,카페 브런치조리사 과정,김해영지요리직업전문학교,21/05/31~21/08/10,210531,210810,40일  총120시간,47.3,https://www.hrd.go.kr/hrdp/co/pcobo/PCOBO0100P.do?tracseId=AIG20200000307063&tracseTme=3&crseTracseSe=C0061&trainstCstmrId=500020057530#undefined,경남 김해시 서상동 27-31,35.235011,128.8811376
67,요양보호사 자격 취득과정,한국요양보호사교육원,21/05/31~21/07/09,210531,210709,30일  총240시간,64.6,https://www.hrd.go.kr/hrdp/co/pcobo/PCOBO0100P.do?tracseId=AIG20200000301361&tracseTme=2&crseTracseSe=C0061&trainstCstmrId=500020025983#undefined,서울특별시 마포구 창전동 302,37.5477585,126.930197
68,바리스타 입문과정(바리스타2급+핸드드립),빈센트커피교육학원,21/05/31~21/07/12,210531,210712,25일  총100시간,-,https://www.hrd.go.kr/hrdp/co/pcobo/PCOBO0100P.do?tracseId=AIG20200000300455&tracseTme=4&crseTracseSe=C0061&trainstCstmrId=500020057289#undefined,경기도 수원시 팔달구 매산로2가 갓매산로55번길 18 헌욱빌딩,37.2689804,127.0036546
69,양식조리기능사 자격증 취득(이론+실기) 및 브런치조리 실무과정,대전음식나라조리제과제빵학원,21/05/31~21/07/27,210531,210727,40일  총138시간,39.7,https://www.hrd.go.kr/hrdp/co/pcobo/PCOBO0100P.do?tracseId=AIG20200000299906&tracseTme=4&crseTracseSe=C0061&trainstCstmrId=500020048784#undefined,대전광역시 서구 둔산동 1129,36.3480413,127.3781528
70,총무사무/ 컴퓨터활용능력 2급 취득,탑스터디컴퓨터학원,21/05/31~21/06/30,210531,210630,23일  총90시간,48.2,https://www.hrd.go.kr/hrdp/co/pcobo/PCOBO0100P.do?tracseId=AIG20200000298837&tracseTme=5&crseTracseSe=C0061&trainstCstmrId=500020042322#undefined,전북 군산시 수송동 827-10,35.9679478,126.7161004
71,간호조무사 자격 취득과정,서부산간호조무학원,21/05/31~2022/03/,210531,202203,195일  총1520시간,60,https://www.hrd.go.kr/hrdp/co/pcobo/PCOBO0100P.do?tracseId=AIG20200000298221&tracseTme=1&crseTracseSe=C0061&trainstCstmrId=500020020213#undefined,부산광역시 사하구 괴정3동 288-1,35.1020067,128.9983453
72,제과기능사 자격증 취득과정(필기+실기),김포중앙요리제과학원,21/05/31~21/07/08,210531,210708,27일  총81시간,-,https://www.hrd.go.kr/hrdp/co/pcobo/PCOBO0100P.do?tracseId=AIG20200000297177&tracseTme=4&crseTracseSe=C0061&trainstCstmrId=500035852593#undefined,경기도 김포시 장기동 1606,37.6444026,126.6677763
73,요양보호사 자격 취득 과정,상록수요양보호사교육원,21/05/31~21/07/29,210531,210729,52일  총240시간,-,https://www.hrd.go.kr/hrdp/co/pcobo/PCOBO0100P.do?tracseId=AIG20200000296581&tracseTme=5&crseTracseSe=C0061&trainstCstmrId=500037077403#undefined,서울특별시 성동구 금호동1가 125-1번지 3층 301호,37.5547663,127.020345
74,헤어미용사 양성과정(자격증+실무),한국뷰티예술실용전문학교,21/05/31~21/09/08,210531,210908,73일  총440시간,69.1,https://www.hrd.go.kr/hrdp/co/pcobo/PCOBO0100P.do?tracseId=AIG20200000295649&tracseTme=1&crseTracseSe=C0061&trainstCstmrId=500020056947#undefined,경기도 안산시 단원구 고잔동 고잔1길 76,37.317622,126.8417828
75,미용사(일반) 국가자격증 취득과정,크리스찬쇼보뷰티미용학원,21/05/31~21/09/10,210531,210910,70일  총280시간,-,https://www.hrd.go.kr/hrdp/co/pcobo/PCOBO0100P.do?tracseId=AIG20200000295341&tracseTme=3&crseTracseSe=C0061&trainstCstmrId=500037148034#undefined,서울특별시 노원구 상계동 337번지 다나프라자,37.6567572,127.0634341
76,미용사(피부) 자격증 취득,보니따미용학원,21/05/31~21/10/25,210531,211025,100일  총300시간,66.7,https://www.hrd.go.kr/hrdp/co/pcobo/PCOBO0100P.do?tracseId=AIG20200000294996&tracseTme=2&crseTracseSe=C0061&trainstCstmrId=500020048519#undefined,경기도 성남시 분당구 금곡동 166번지 이코노샤르망 8층 804호 KR,37.3503516,127.1071772
77,한식조리사자격취득과정(이론+실기),한국호텔관광실용전문학교,21/05/31~21/07/20,210531,210720,37일  총110시간,82,https://www.hrd.go.kr/hrdp/co/pcobo/PCOBO0100P.do?tracseId=AIG20200000294762&tracseTme=5&crseTracseSe=C0061&trainstCstmrId=500020019259#undefined,경기도 안산시 단원구 고잔동 중앙대로 937,37.3170155,126.840934
78,간호조무사 자격취득과정,동탄호수간호학원,21/05/31~2022/03/,210531,202203,201일  총1520시간,-,https://www.hrd.go.kr/hrdp/co/pcobo/PCOBO0100P.do?tracseId=AIG20200000294270&tracseTme=1&crseTracseSe=C0061&trainstCstmrId=500036213208#undefined,경기도 오산시 오산동 874-6,37.1491985,127.0682502
79,관광통역안내사/국내여행안내사 자격증 취득과정(필기),아바평생교육원,21/05/31~21/07/07,210531,210707,28일  총139시간,27.8,https://www.hrd.go.kr/hrdp/co/pcobo/PCOBO0100P.do?tracseId=AIG20200000293594&tracseTme=3&crseTracseSe=C0061&trainstCstmrId=500020011825#undefined,서울특별시 마포구 노고산동 번지 5층 31-135,37.55456119999999,126.9373561
80,사무&회계(ITQ마스터  컴퓨터활용능력2급  전산회계2급)자격증 취득과정,목포국제직업전문학교,21/05/31~21/08/24,210531,210824,60일  총240시간,52.1,https://www.hrd.go.kr/hrdp/co/pcobo/PCOBO0100P.do?tracseId=AIG20200000293204&tracseTme=1&crseTracseSe=C0061&trainstCstmrId=500020015672#undefined,전남 목포시 옥암동 968-2,34.807386,126.4272671
81,요양보호사 자격취득취업과정,아름다운요양보호사교육원,21/05/31~21/07/16,210531,210716,35일  총240시간,48,https://www.hrd.go.kr/hrdp/co/pcobo/PCOBO0100P.do?tracseId=AIG20200000292774&tracseTme=5&crseTracseSe=C0061&trainstCstmrId=500020056969#undefined,경기도 수원시 권선구 권선동,37.2617686,127.0231676
82,미용사(헤어) 기초실무과정,금성직업전문학교,21/05/31~21/07/26,210531,210726,39일  총157시간,56,https://www.hrd.go.kr/hrdp/co/pcobo/PCOBO0100P.do?tracseId=AIG20200000292232&tracseTme=3&crseTracseSe=C0061&trainstCstmrId=500020036003#undefined,광주광역시 동구 금남로5가 4,35.1542137,126.910929
83,컴퓨터활용능력1 2급(필기+실기) 취득,이젠IT아카데미학원,21/05/31~21/07/16,210531,210716,35일  총138시간,-,https://www.hrd.go.kr/hrdp/co/pcobo/PCOBO0100P.do?tracseId=AIG20200000291440&tracseTme=3&crseTracseSe=C0061&trainstCstmrId=500036114086#undefined,서울특별시 서초구 서초4 서초대로77길 55 동,37.5021576,127.0243763
84,제과제빵기능사 자격증 취득과정,에프비아이제과제빵커피학원,21/05/31~21/07/30,210531,210730,45일  총178시간,34,https://www.hrd.go.kr/hrdp/co/pcobo/PCOBO0100P.do?tracseId=AIG20200000291312&tracseTme=4&crseTracseSe=C0061&trainstCstmrId=500020019369#undefined,경기도 고양시 일산서구 대화동 2222-1,37.6755799,126.7477019
85,아파트/상가관리소 취업과정(관리소erp 및 전산회계1급 자격증 과정),명문직업전문학교,21/05/31~21/07/23,210531,210723,40일  총160시간,59.4,https://www.hrd.go.kr/hrdp/co/pcobo/PCOBO0100P.do?tracseId=AIG20200000290941&tracseTme=2&crseTracseSe=C0061&trainstCstmrId=500020035227#undefined,인천광역시 계양구 계산동 번지 5층 931-52 6층,37.5438275,126.7236928
86,제과기능사+파티쉐,리치몬드제과기술학원,21/05/31~21/08/23,210531,210823,45일  총135시간,33.8,https://www.hrd.go.kr/hrdp/co/pcobo/PCOBO0100P.do?tracseId=AIG20200000290829&tracseTme=2&crseTracseSe=C0061&trainstCstmrId=500020022816#undefined,서울특별시 마포구 성산동 114-5,37.5614581,126.9155083
87,요양보호사 자격취득과정 NCS-21,경인요양보호사교육원,21/05/31~21/07/23,210531,210723,37일  총240시간,48.4,https://www.hrd.go.kr/hrdp/co/pcobo/PCOBO0100P.do?tracseId=AIG20200000290271&tracseTme=9&crseTracseSe=C0061&trainstCstmrId=500020058339#undefined,경기도 부천시 원미구 중동 587-3,37.5022949,126.7629053
88,미용사(일반) 자격증 취득과정,마이뷰티미용학원,21/05/31~21/08/26,210531,210826,64일  총320시간,50,https://www.hrd.go.kr/hrdp/co/pcobo/PCOBO0100P.do?tracseId=AIG20200000289956&tracseTme=2&crseTracseSe=C0061&trainstCstmrId=500020046045#undefined,서울특별시 서초구 방배동 1756,37.4879352,126.9828606
89,컴퓨터활용능력2급(필기+실기),이노직업전문학교,21/05/31~21/06/29,210531,210629,22일  총66시간,52.5,https://www.hrd.go.kr/hrdp/co/pcobo/PCOBO0100P.do?tracseId=AIG20200000289285&tracseTme=8&crseTracseSe=C0061&trainstCstmrId=500020018490#undefined,경기도 부천시 원미구 심곡동 158-7 서석빌딩 2층 이노직업전문학교,37.489104,126.78407
90,도배시공입문 및 자격증취득,(주)은평인테리어기술전문학원,21/05/31~21/06/25,210531,210625,20일  총160시간,42.7,https://www.hrd.go.kr/hrdp/co/pcobo/PCOBO0100P.do?tracseId=AIG20200000289227&tracseTme=2&crseTracseSe=C0061&trainstCstmrId=500020055976#undefined,서울특별시 은평구 대조동 역말로9길 38,37.6142902,126.9224927
91,사무행정 실무자 양성(ITQ 마스터 자격취득),(주)올콘텐츠,21/05/31~21/07/15,210531,210715,34일  총150시간,-,https://www.hrd.go.kr/hrdp/co/pcobo/PCOBO0100P.do?tracseId=AIG20200000283620&tracseTme=2&crseTracseSe=C0061&trainstCstmrId=500020041603#undefined,경기도 용인시 기흥구 신갈동,37.2883164,127.1078713
92,요양보호사1급자격증과정(비ncs),하양요양보호사교육원,21/05/31~21/07/09,210531,210709,30일  총240시간,-,https://www.hrd.go.kr/hrdp/co/pcobo/PCOBO0100P.do?tracseId=AIG20200000283061&tracseTme=5&crseTracseSe=C0061&trainstCstmrId=500035554606#undefined,경북 경산시 하양읍 금락리 113-8,35.9127824,128.8176458
93,사무행정 입문(한글 엑셀 파워포인트),노원여성인력개발센터,21/05/31~21/08/04,210531,210804,20일  총80시간,62.5,https://www.hrd.go.kr/hrdp/co/pcobo/PCOBO0100P.do?tracseId=AIG20200000280346&tracseTme=4&crseTracseSe=C0061&trainstCstmrId=500020036948#undefined,서울특별시 노원구 공릉동 공릉로 187,37.6264058,127.0788436
94,커피바리스타와 브런치카페실무,경일직업능력개발원,21/05/31~21/08/06,210531,210806,45일  총180시간,25.9,https://www.hrd.go.kr/hrdp/co/pcobo/PCOBO0100P.do?tracseId=AIG20200000279991&tracseTme=6&crseTracseSe=C0061&trainstCstmrId=500020046333#undefined,대구광역시 수성구 수성동3가 248-1,35.8592775,128.6189649
95,컴퓨터활용능력2급&ITQ(한글 엑셀 파워포인트)자격증취득,셈틀회계캐드그래픽컴퓨터학원,21/05/31~21/07/09,210531,210709,30일  총150시간,50,https://www.hrd.go.kr/hrdp/co/pcobo/PCOBO0100P.do?tracseId=AIG20200000278188&tracseTme=2&crseTracseSe=C0061&trainstCstmrId=500020034438#undefined,대구광역시 북구 동천동 896-3,35.9435465,128.5632966
96,바리스타 발전과정(바리스타 1급 + 로스트마스터(로스팅) + 커피지도사 2급),천안커피교육전문학원,21/05/31~21/08/05,210531,210805,40일  총120시간,39.6,https://www.hrd.go.kr/hrdp/co/pcobo/PCOBO0100P.do?tracseId=AIG20200000277265&tracseTme=4&crseTracseSe=C0061&trainstCstmrId=500020053557#undefined,충남 천안시 서북구 두정동 71-21,36.8326671,127.1457304
97,기초 바리스타 2급 취득과정,존스커피바리스타학원,21/05/31~21/07/01,210531,210701,20일  총80시간,43.8,https://www.hrd.go.kr/hrdp/co/pcobo/PCOBO0100P.do?tracseId=AIG20200000275631&tracseTme=1&crseTracseSe='C006&trainstCstmrId='50002004322#undefined,광주광역시 서구 치평동 1314-5,35.1452583,126.8444387
98,타일시공(욕실리모델링)입문 및 자격증 취득,(주)은평인테리어기술전문학원,21/05/31~21/06/25,210531,210625,20일  총160시간,42.7,https://www.hrd.go.kr/hrdp/co/pcobo/PCOBO0100P.do?tracseId=AIG20200000273845&tracseTme=8&crseTracseSe=C0061&trainstCstmrId=500020055976#undefined,서울특별시 은평구 대조동 역말로9길 38,37.6142902,126.9224927
99,수장시공(도배 장판 필름)실무 기능인력양성,세종직업전문학교,21/05/31~21/08/03,210531,210803,47일  총280시간,65.5,https://www.hrd.go.kr/hrdp/co/pcobo/PCOBO0100P.do?tracseId=AIG20200000272616&tracseTme=4&crseTracseSe=C0061&trainstCstmrId=500020058102#undefined,부산광역시 양정동 양정동 95-40번지 부산진구 부산광역시 KR,35.1733023,129.0730122
